"firstName",lastName,email,age
Jack,Black,jb@jb.net,40
Jimmy,Hendrix,jh@hotmail.com,55
Jimmy,Page,led.zepplin@gmail.com,65
Katy,Perry,perry.katie@fastmail.com,38
Miley,Cyrus,mileyc@gmail.com,45
Taylor,Swift,taytay@hotmail.com,40
Lady,Gaga,lgaga@gmail.com,40
Harry,Styles,hazzastylez@gmail.com,38
Bobby,Shaftoe,bobby.shaftoe@gmail.com,40
Amy,Jackson,amy@hotmail.com,37
Randy,Waterhouse,randy_waterhouse@fastmail.net,45